--
-- Script was generated by Devart dbForge Studio 2020 for MySQL, Version 9.0.689.0
-- Product home page: http://www.devart.com/dbforge/mysql/studio
-- Script date 16.12.2021 15:25:42
-- Server version: 8.0.27
-- Client version: 4.1
--

-- 
-- Disable foreign keys
-- 
/*!40014 SET @OLD_FOREIGN_KEY_CHECKS=@@FOREIGN_KEY_CHECKS, FOREIGN_KEY_CHECKS=0 */;

-- 
-- Set SQL mode
-- 
/*!40101 SET @OLD_SQL_MODE=@@SQL_MODE, SQL_MODE='NO_AUTO_VALUE_ON_ZERO' */;

--
-- Set default database
--
USE `arenda jilih pomesheniy`;

--
-- Drop table `dogofor`
--
DROP TABLE IF EXISTS dogofor;

--
-- Drop table `client`
--
DROP TABLE IF EXISTS client;

--
-- Drop table `pomeshenie`
--
DROP TABLE IF EXISTS pomeshenie;

--
-- Drop table `vladelec`
--
DROP TABLE IF EXISTS vladelec;

--
-- Set default database
--
USE `arenda jilih pomesheniy`;

--
-- Create table `vladelec`
--
CREATE TABLE vladelec (
  id_vladelec int NOT NULL AUTO_INCREMENT,
  nomer_telephona tinytext NOT NULL,
  Name tinytext DEFAULT NULL,
  Last_Name tinytext DEFAULT NULL,
  PRIMARY KEY (id_vladelec)
)
ENGINE = INNODB,
AUTO_INCREMENT = 6,
AVG_ROW_LENGTH = 3276,
CHARACTER SET utf8mb4,
COLLATE utf8mb4_0900_ai_ci;

--
-- Create table `pomeshenie`
--
CREATE TABLE pomeshenie (
  id_pomeshenia int NOT NULL AUTO_INCREMENT,
  `kol-vo komnat` int DEFAULT NULL,
  adres tinytext DEFAULT NULL,
  etag int DEFAULT NULL,
  balkon tinytext DEFAULT NULL,
  id_vladelec int DEFAULT NULL,
  `stoimost za sutki` int DEFAULT NULL,
  PRIMARY KEY (id_pomeshenia)
)
ENGINE = INNODB,
AUTO_INCREMENT = 50,
AVG_ROW_LENGTH = 2048,
CHARACTER SET utf8mb4,
COLLATE utf8mb4_0900_ai_ci;

--
-- Create foreign key
--
ALTER TABLE pomeshenie
ADD CONSTRAINT FK_pomeshenie_vladelec_id_vladelec FOREIGN KEY (id_vladelec)
REFERENCES vladelec (id_vladelec);

--
-- Create table `client`
--
CREATE TABLE client (
  id_client int NOT NULL AUTO_INCREMENT,
  Name tinytext DEFAULT NULL,
  Last_Name tinytext DEFAULT NULL,
  First_Name tinytext DEFAULT NULL,
  Pasportnie_danie tinytext DEFAULT NULL,
  telephone tinytext DEFAULT NULL,
  PRIMARY KEY (id_client)
)
ENGINE = INNODB,
AUTO_INCREMENT = 6,
AVG_ROW_LENGTH = 3276,
CHARACTER SET utf8mb4,
COLLATE utf8mb4_0900_ai_ci;

--
-- Create table `dogofor`
--
CREATE TABLE dogofor (
  id_dogofora int NOT NULL AUTO_INCREMENT,
  id_pomeshenia int DEFAULT NULL,
  id_client int DEFAULT NULL,
  data_nachala_arendi tinytext DEFAULT NULL,
  `srok_arendi(dnei)` tinytext DEFAULT NULL,
  PRIMARY KEY (id_dogofora)
)
ENGINE = INNODB,
AUTO_INCREMENT = 6,
AVG_ROW_LENGTH = 3276,
CHARACTER SET utf8mb4,
COLLATE utf8mb4_0900_ai_ci;

--
-- Create foreign key
--
ALTER TABLE dogofor
ADD CONSTRAINT FK_dogofor_client_id_client FOREIGN KEY (id_client)
REFERENCES client (id_client);

--
-- Create foreign key
--
ALTER TABLE dogofor
ADD CONSTRAINT FK_dogofor_pomeshenie_id_pomeshenia FOREIGN KEY (id_pomeshenia)
REFERENCES pomeshenie (id_pomeshenia);

-- 
-- Dumping data for table vladelec
--
INSERT INTO vladelec VALUES
(1, '79124325454', 'Ivan', 'Ivanov'),
(2, '79234542342', 'Danil', 'Volokov'),
(3, '79234648683', 'Lev', 'Lebedev'),
(4, '79124342432', 'Irina', 'Smirnova'),
(5, '79624653965', 'Aleksandr', 'Arhipov');

-- 
-- Dumping data for table pomeshenie
--
INSERT INTO pomeshenie VALUES
(1, 1, 'Omytninsk yl.  Komsomolskay dom 32 kvartira 54', 3, 'yes', 1, 1000),
(2, 2, 'Omytninsk yl. 30-letia pobedi dom 54 kvartira 43 ', 2, 'yes', 3, 2300),
(3, 3, 'Omytninsk yl. Ynih pionerov dom 43 kvartira 45', 2, 'yes', 2, 3000),
(4, 2, 'Omytninsk yl. Gercina dom 64 kvartira 76', 2, 'no', 4, 2000),
(5, 1, 'Omytninsk yl. Svobodi dom 33 kvartira 104', 4, 'yes', 5, 1100),
(6, 2, 'Omutninsk, yl. Kokovixina dom 54', 1, 'no', 2, 1000);

-- 
-- Dumping data for table client
--
INSERT INTO client VALUES
(1, 'Ivan', 'Voronin', 'Ivanovich', '5431437564', '79123434543'),
(2, 'Daniil', 'Smirnov', 'Olegovich', '4324245634', '79234321332'),
(3, 'Anastasia', 'Guseva', 'Sergeevna', '4728354654', '79234304519'),
(4, 'Sergei', 'Petrov', 'Aleksandrovich', '43256577432', '79123953754'),
(5, 'Semen', 'Kravcov', 'Maksimovna', '4322876564', '79123953754');

-- 
-- Dumping data for table dogofor
--
INSERT INTO dogofor VALUES
(1, 1, 1, '20 noyabra', '30\r\n\r\n'),
(2, 2, 2, '1 dekabra', '20'),
(3, 3, 3, '10 dekabra', '5'),
(4, 4, 4, '30 noyabra', '60'),
(5, 5, 5, '2 dekabra ', '10');

-- 
-- Restore previous SQL mode
-- 
/*!40101 SET SQL_MODE=@OLD_SQL_MODE */;

-- 
-- Enable foreign keys
-- 
/*!40014 SET FOREIGN_KEY_CHECKS = @OLD_FOREIGN_KEY_CHECKS */;